author,short_name,exp_code,particle_type,phi,d_p,rho_p,alpha,rho_a,vs,rho_m,L0,W0,H0,g_prime,u_0,a,Re,Vs,St,Sed,Fr,E
Gadal et al. 2023,Gadal23,run_025.nc,Silica sand,2.94E-02,1.16E-04,2.65E+03,8.90E-01,9.98E+02,7.40E-03,1.05E+03,9.90E-02,1.94E-01,2.04E-01,4.78E-01,3.12E-01,2.06E+00,6.65E+04,3.81E-04,6.24E-03,1.15E-02,4.23E-01,0.051511758
Gadal et al. 2023,Gadal23,run_026.nc,Silica sand,4.05E-02,1.16E-04,2.65E+03,8.90E-01,9.98E+02,7.40E-03,1.06E+03,9.90E-02,1.94E-01,2.04E-01,6.58E-01,3.66E-01,2.06E+00,7.94E+04,4.55E-04,7.32E-03,9.81E-03,3.19E-01,0.045093875
Gadal et al. 2023,Gadal23,run_027.nc,Silica sand,2.08E-02,1.16E-04,2.65E+03,8.90E-01,9.98E+02,7.40E-03,1.03E+03,9.90E-02,1.94E-01,2.04E-01,3.37E-01,2.62E-01,2.06E+00,5.50E+04,2.35E-04,5.24E-03,1.37E-02,3.59E-01,0.036336644
Gadal et al. 2023,Gadal23,run_028.nc,Silica sand,5.02E-02,1.16E-04,2.65E+03,8.90E-01,9.98E+02,7.40E-03,1.08E+03,9.90E-02,1.94E-01,2.04E-01,8.15E-01,4.07E-01,2.06E+00,8.96E+04,6.01E-04,8.14E-03,8.82E-03,3.72E-01,0.046385204
Gadal et al. 2023,Gadal23,run_029.nc,Silica sand,6.37E-02,1.16E-04,2.65E+03,8.90E-01,9.98E+02,7.40E-03,1.10E+03,9.90E-02,1.94E-01,2.04E-01,1.03E+00,4.59E-01,2.06E+00,1.03E+05,7.48E-04,9.18E-03,7.82E-03,4.08E-01,0.04636573
Gadal et al. 2023,Gadal23,run_030.nc,Silica sand,1.45E-02,1.16E-04,2.65E+03,8.90E-01,9.98E+02,7.40E-03,1.02E+03,9.90E-02,1.94E-01,2.04E-01,2.35E-01,2.19E-01,2.06E+00,4.55E+04,1.61E-04,4.38E-03,1.64E-02,3.62E-01,0.032218678
Gadal et al. 2023,Gadal23,run_031.nc,Silica sand,8.69E-03,1.16E-04,2.65E+03,8.90E-01,9.98E+02,7.40E-03,1.01E+03,9.90E-02,1.94E-01,2.04E-01,1.41E-01,1.69E-01,2.06E+00,3.49E+04,8.80E-05,3.38E-03,2.12E-02,3.93E-01,0.031993385
Gadal et al. 2023,Gadal23,run_032.nc,Silica sand,7.91E-02,1.16E-04,2.65E+03,8.90E-01,9.98E+02,7.40E-03,1.13E+03,9.90E-02,1.94E-01,2.04E-01,1.29E+00,5.12E-01,2.06E+00,1.18E+05,9.68E-04,1.02E-02,7.01E-03,3.94E-01,0.042507746
Gadal et al. 2023,Gadal23,run_033.nc,Silica sand,1.01E-01,1.16E-04,2.65E+03,8.90E-01,9.98E+02,7.40E-03,1.17E+03,9.90E-02,1.94E-01,2.04E-01,1.65E+00,5.79E-01,2.06E+00,1.37E+05,1.26E-03,1.16E-02,6.20E-03,4.16E-01,0.042709855
Gadal et al. 2023,Gadal23,run_034.nc,Silica sand,6.76E-03,1.16E-04,2.65E+03,8.90E-01,9.98E+02,7.40E-03,1.01E+03,9.90E-02,1.94E-01,2.04E-01,1.10E-01,1.49E-01,2.06E+00,3.07E+04,8.80E-05,2.98E-03,2.41E-02,3.71E-01,0.038382687
Gadal et al. 2023,Gadal23,run_035.nc,Silica sand,1.01E-01,1.16E-04,2.65E+03,8.90E-01,9.98E+02,7.40E-03,1.17E+03,9.90E-02,1.94E-01,2.04E-01,1.65E+00,5.79E-01,2.06E+00,1.37E+05,1.26E-03,1.16E-02,6.20E-03,4.23E-01,0.042075935
Gadal et al. 2023,Gadal23,run_036.nc,Silica sand,1.01E-01,1.16E-04,2.65E+03,8.90E-01,9.98E+02,7.40E-03,1.17E+03,9.90E-02,1.94E-01,2.04E-01,1.65E+00,5.79E-01,2.06E+00,1.37E+05,1.26E-03,1.16E-02,6.20E-03,4.21E-01,0.037945814
Gadal et al. 2023,Gadal23,run_037.nc,Silica sand,6.76E-03,1.16E-04,2.65E+03,8.90E-01,9.98E+02,7.40E-03,1.01E+03,9.90E-02,1.94E-01,2.04E-01,1.10E-01,1.49E-01,2.06E+00,3.07E+04,8.80E-05,2.98E-03,2.41E-02,3.70E-01,0.025369187
Gadal et al. 2023,Gadal23,run_038.nc,Silica sand,6.76E-03,1.16E-04,2.65E+03,8.90E-01,9.98E+02,7.40E-03,1.01E+03,9.90E-02,1.94E-01,2.04E-01,1.10E-01,1.49E-01,2.06E+00,3.07E+04,8.80E-05,2.98E-03,2.41E-02,4.82E-01,0.025230046
Gadal et al. 2023,Gadal23,run_039.nc,Silica sand,1.26E-01,1.16E-04,2.65E+03,8.90E-01,9.98E+02,7.40E-03,1.21E+03,9.90E-02,1.94E-01,2.04E-01,2.04E+00,6.44E-01,2.06E+00,1.58E+05,1.55E-03,1.29E-02,5.58E-03,3.18E-01,0.036228816
Gadal et al. 2023,Gadal23,run_040.nc,Silica sand,4.83E-03,1.16E-04,2.65E+03,8.90E-01,9.98E+02,7.40E-03,1.01E+03,9.90E-02,1.94E-01,2.04E-01,7.84E-02,1.26E-01,2.06E+00,2.59E+04,8.80E-05,2.52E-03,2.85E-02,3.50E-01,0.031018768
Gadal et al. 2023,Gadal23,run_041.nc,Silica sand,2.94E-02,1.16E-04,2.65E+03,8.90E-01,9.98E+02,7.40E-03,1.05E+03,9.90E-02,1.94E-01,2.04E-01,4.78E-01,3.12E-01,2.06E+00,6.65E+04,3.81E-04,6.24E-03,1.15E-02,3.56E-01,0.050138235
Gadal et al. 2023,Gadal23,run_042.nc,Silica sand,2.94E-02,1.16E-04,2.65E+03,8.90E-01,9.98E+02,7.40E-03,1.05E+03,9.90E-02,1.94E-01,2.04E-01,4.78E-01,3.12E-01,2.06E+00,6.65E+04,3.81E-04,6.24E-03,1.15E-02,3.10E-01,0.04431412
Gadal et al. 2023,Gadal23,run_043.nc,Silica sand,1.54E-01,1.16E-04,2.65E+03,8.90E-01,9.98E+02,7.40E-03,1.25E+03,9.90E-02,1.94E-01,2.04E-01,2.51E+00,7.14E-01,2.06E+00,1.82E+05,1.85E-03,1.43E-02,5.03E-03,3.57E-01,0.038672852
Gadal et al. 2023,Gadal23,run_138.nc,Silica sand,2.92E-02,1.16E-04,2.65E+03,0.00E+00,9.98E+02,7.40E-03,1.05E+03,9.90E-02,1.94E-01,2.02E-01,4.74E-01,3.10E-01,2.04E+00,6.55E+04,3.81E-04,6.20E-03,1.17E-02,4.15E-01,0.031215796
Gadal et al. 2023,Gadal23,run_139.nc,Silica sand,4.38E-02,1.16E-04,2.65E+03,0.00E+00,9.98E+02,7.40E-03,1.07E+03,9.90E-02,1.94E-01,2.02E-01,7.11E-01,3.79E-01,2.04E+00,8.21E+04,5.28E-04,7.58E-03,9.57E-03,3.91E-01,0.036284996
Gadal et al. 2023,Gadal23,run_140.nc,Silica sand,1.95E-02,1.16E-04,2.65E+03,0.00E+00,9.98E+02,7.40E-03,1.03E+03,9.90E-02,1.94E-01,2.02E-01,3.16E-01,2.53E-01,2.04E+00,5.26E+04,2.35E-04,5.06E-03,1.43E-02,3.56E-01,0.03213754
Gadal et al. 2023,Gadal23,run_141.nc,Silica sand,9.78E-03,1.16E-04,2.65E+03,0.00E+00,9.98E+02,7.40E-03,1.01E+03,9.90E-02,1.94E-01,2.02E-01,1.59E-01,1.79E-01,2.04E+00,3.67E+04,8.80E-05,3.58E-03,2.03E-02,3.98E-01,0.0335732
Gadal et al. 2023,Gadal23,run_142.nc,Silica sand,5.89E-02,1.16E-04,2.65E+03,0.00E+00,9.98E+02,7.40E-03,1.10E+03,9.90E-02,1.94E-01,2.02E-01,9.56E-01,4.40E-01,2.04E+00,9.73E+04,7.48E-04,8.80E-03,8.24E-03,4.83E-01,0.043034318
Gadal et al. 2023,Gadal23,run_143.nc,Silica sand,7.29E-02,1.16E-04,2.65E+03,0.00E+00,9.98E+02,7.40E-03,1.12E+03,9.90E-02,1.94E-01,2.02E-01,1.18E+00,4.89E-01,2.04E+00,1.11E+05,8.95E-04,9.79E-03,7.42E-03,5.00E-01,0.042234581
Gadal et al. 2023,Gadal23,run_144.nc,Silica sand,1.46E-02,1.16E-04,2.65E+03,0.00E+00,9.98E+02,7.40E-03,1.02E+03,9.90E-02,1.94E-01,2.02E-01,2.37E-01,2.19E-01,2.04E+00,4.52E+04,1.61E-04,4.38E-03,1.66E-02,4.05E-01,0.035791509
Gadal et al. 2023,Gadal23,run_145.nc,Silica sand,6.84E-03,1.16E-04,2.65E+03,0.00E+00,9.98E+02,7.40E-03,1.01E+03,9.90E-02,1.94E-01,2.02E-01,1.11E-01,1.50E-01,2.04E+00,3.06E+04,8.80E-05,3.00E-03,2.42E-02,3.92E-01,0.039401388
Gadal et al. 2023,Gadal23,run_146.nc,Silica sand,9.73E-02,1.16E-04,2.65E+03,0.00E+00,9.98E+02,7.40E-03,1.16E+03,9.90E-02,1.94E-01,2.02E-01,1.58E+00,5.65E-01,2.04E+00,1.32E+05,1.19E-03,1.13E-02,6.42E-03,4.39E-01,0.03931478
Gadal et al. 2023,Gadal23,run_147.nc,Silica sand,2.43E-02,1.16E-04,2.65E+03,0.00E+00,9.98E+02,7.40E-03,1.04E+03,9.90E-02,1.94E-01,2.02E-01,3.95E-01,2.83E-01,2.04E+00,5.93E+04,3.08E-04,5.66E-03,1.28E-02,3.98E-01,0.038572676
Wilson et al. 2017,Wilson17,A1,Glass beads and kaolinite,5.70E-03,8.00E-06,2.63E+03,2.00E+00,9.98E+02,5.69E-05,1.02E+03,5.80E-01,4.00E-01,3.00E-01,0.22,0.256904652,5.17E-01,7.86E+04,7.67E-07,4.14E-06,4.28E-04,0.46,
Wilson et al. 2017,Wilson17,A2,Glass beads and kaolinite,1.08E-02,8.00E-06,2.63E+03,2.00E+00,9.98E+02,5.69E-05,1.04E+03,5.80E-01,4.00E-01,3.00E-01,0.41,0.350713558,5.17E-01,1.09E+05,1.46E-06,5.65E-06,3.14E-04,0.56,
Wilson et al. 2017,Wilson17,A3,Glass beads and kaolinite,1.57E-02,8.00E-06,2.63E+03,2.00E+00,9.98E+02,5.69E-05,1.06E+03,5.80E-01,4.00E-01,3.00E-01,0.6,0.424264069,5.17E-01,1.35E+05,2.16E-06,6.84E-06,2.59E-04,0.52,
Wilson et al. 2017,Wilson17,A4,Glass beads and kaolinite,2.08E-02,8.00E-06,2.63E+03,2.00E+00,9.98E+02,5.69E-05,1.08E+03,5.80E-01,4.00E-01,3.00E-01,0.8,0.489897949,5.17E-01,1.59E+05,2.86E-06,7.90E-06,2.25E-04,0.575,
Wilson et al. 2017,Wilson17,B1,Glass beads and kaolinite,5.70E-03,8.00E-06,2.63E+03,2.00E+00,9.98E+02,5.69E-05,1.02E+03,5.80E-01,4.00E-01,3.00E-01,0.22,0.256904652,5.17E-01,7.86E+04,7.67E-07,4.14E-06,4.28E-04,0.43,
Wilson et al. 2017,Wilson17,B2,Glass beads and kaolinite,1.08E-02,8.00E-06,2.63E+03,2.00E+00,9.98E+02,5.69E-05,1.04E+03,5.80E-01,4.00E-01,3.00E-01,0.41,0.350713558,5.17E-01,1.09E+05,1.46E-06,5.65E-06,3.14E-04,0.53,
Wilson et al. 2017,Wilson17,B3,Glass beads and kaolinite,1.57E-02,8.00E-06,2.63E+03,2.00E+00,9.98E+02,5.69E-05,1.06E+03,5.80E-01,4.00E-01,3.00E-01,0.6,0.424264069,5.17E-01,1.35E+05,2.16E-06,6.84E-06,2.59E-04,0.55,
Wilson et al. 2017,Wilson17,B4,Glass beads and kaolinite,2.08E-02,8.00E-06,2.63E+03,2.00E+00,9.98E+02,5.69E-05,1.08E+03,5.80E-01,4.00E-01,3.00E-01,0.8,0.489897949,5.17E-01,1.59E+05,2.86E-06,7.90E-06,2.25E-04,0.52,
Wilson et al. 2017,Wilson17,A1,Glass beads and kaolinite,5.70E-03,7.00E-05,2.50E+03,2.00E+00,9.98E+02,4.01E-03,1.02E+03,5.80E-01,4.00E-01,3.00E-01,0.22,0.256904652,5.17E-01,7.86E+04,5.88E-05,3.01E-04,3.02E-02,0.46,
Wilson et al. 2017,Wilson17,A2,Glass beads and kaolinite,1.08E-02,7.00E-05,2.50E+03,2.00E+00,9.98E+02,4.01E-03,1.04E+03,5.80E-01,4.00E-01,3.00E-01,0.41,0.350713558,5.17E-01,1.09E+05,1.12E-04,4.12E-04,2.21E-02,0.56,
Wilson et al. 2017,Wilson17,A3,Glass beads and kaolinite,1.57E-02,7.00E-05,2.50E+03,2.00E+00,9.98E+02,4.01E-03,1.06E+03,5.80E-01,4.00E-01,3.00E-01,0.6,0.424264069,5.17E-01,1.35E+05,1.66E-04,4.98E-04,1.83E-02,0.52,
Wilson et al. 2017,Wilson17,A4,Glass beads and kaolinite,2.08E-02,7.00E-05,2.50E+03,2.00E+00,9.98E+02,4.01E-03,1.08E+03,5.80E-01,4.00E-01,3.00E-01,0.8,0.489897949,5.17E-01,1.59E+05,2.19E-04,5.75E-04,1.58E-02,0.575,
Wilson et al. 2017,Wilson17,B1,Glass beads and kaolinite,5.70E-03,7.00E-05,2.50E+03,2.00E+00,9.98E+02,4.01E-03,1.02E+03,5.80E-01,4.00E-01,3.00E-01,0.22,0.256904652,5.17E-01,7.86E+04,5.88E-05,3.01E-04,3.02E-02,0.43,
Wilson et al. 2017,Wilson17,B2,Glass beads and kaolinite,1.08E-02,7.00E-05,2.50E+03,2.00E+00,9.98E+02,4.01E-03,1.04E+03,5.80E-01,4.00E-01,3.00E-01,0.41,0.350713558,5.17E-01,1.09E+05,1.12E-04,4.12E-04,2.21E-02,0.53,
Wilson et al. 2017,Wilson17,B3,Glass beads and kaolinite,1.57E-02,7.00E-05,2.50E+03,2.00E+00,9.98E+02,4.01E-03,1.06E+03,5.80E-01,4.00E-01,3.00E-01,0.6,0.424264069,5.17E-01,1.35E+05,1.66E-04,4.98E-04,1.83E-02,0.55,
Wilson et al. 2017,Wilson17,B4,Glass beads and kaolinite,2.08E-02,7.00E-05,2.50E+03,2.00E+00,9.98E+02,4.01E-03,1.08E+03,5.80E-01,4.00E-01,3.00E-01,0.8,0.489897949,5.17E-01,1.59E+05,2.19E-04,5.75E-04,1.58E-02,0.52,
Jacobson and Testik 2014,Jacobson14,1,Kaolinite,1.90E-02,7.00E-07,2.62E+03,0.00E+00,9.98E+02,4.33E-07,1.04E+03,2.45E-01,2.50E-01,1.50E-01,4.20E-01,0.250916257,6.12E-01,3.92E+04,1.12E-08,7.30E-08,2.82E-06,,
Jacobson and Testik 2014,Jacobson14,2,Kaolinite,3.70E-02,7.00E-07,2.62E+03,0.00E+00,9.98E+02,4.33E-07,1.06E+03,2.45E-01,2.50E-01,1.50E-01,5.76E-01,0.293943371,6.12E-01,4.66E+04,1.66E-08,8.56E-08,2.41E-06,,
Jacobson and Testik 2014,Jacobson14,3,Kaolinite,5.40E-02,7.00E-07,2.62E+03,0.00E+00,9.98E+02,4.33E-07,1.09E+03,2.45E-01,2.50E-01,1.50E-01,9.03E-01,0.368105764,6.12E-01,6.02E+04,2.46E-08,1.07E-07,1.92E-06,0.407491582,
Jacobson and Testik 2014,Jacobson14,4,Kaolinite,7.00E-02,7.00E-07,2.62E+03,0.00E+00,9.98E+02,4.33E-07,1.11E+03,2.45E-01,2.50E-01,1.50E-01,1.07E+00,0.40107652,6.12E-01,6.66E+04,2.99E-08,1.17E-07,1.76E-06,,
Jacobson and Testik 2014,Jacobson14,5,Kaolinite,8.70E-02,7.00E-07,2.62E+03,0.00E+00,9.98E+02,4.33E-07,1.13E+03,2.45E-01,2.50E-01,1.50E-01,1.31E+00,0.443997542,6.12E-01,7.54E+04,3.53E-08,1.29E-07,1.59E-06,,
Jacobson and Testik 2014,Jacobson14,6,Kaolinite,1.02E-01,7.00E-07,2.62E+03,0.00E+00,9.98E+02,4.33E-07,1.16E+03,2.45E-01,2.50E-01,1.50E-01,1.58E+00,0.486162687,6.12E-01,8.45E+04,4.33E-08,1.42E-07,1.46E-06,,
Jacobson and Testik 2014,Jacobson14,7,Kaolinite,1.18E-01,7.00E-07,2.62E+03,0.00E+00,9.98E+02,4.33E-07,1.17E+03,2.45E-01,2.50E-01,1.50E-01,1.70E+00,0.504762092,6.12E-01,8.86E+04,4.59E-08,1.47E-07,1.40E-06,,
Jacobson and Testik 2014,Jacobson14,8,Kaolinite,1.32E-01,7.00E-07,2.62E+03,0.00E+00,9.98E+02,4.33E-07,1.20E+03,2.45E-01,2.50E-01,1.50E-01,1.97E+00,0.543444674,6.12E-01,9.77E+04,5.39E-08,1.58E-07,1.30E-06,0.368022744,
Jacobson and Testik 2014,Jacobson14,9,Kaolinite,1.90E-02,7.00E-07,2.62E+03,0.00E+00,9.98E+02,4.33E-07,1.04E+03,2.45E-01,2.50E-01,2.10E-01,3.79E-01,0.282275076,8.57E-01,6.14E+04,1.12E-08,8.22E-08,1.79E-06,,
Jacobson and Testik 2014,Jacobson14,10,Kaolinite,3.70E-02,7.00E-07,2.62E+03,0.00E+00,9.98E+02,4.33E-07,1.06E+03,2.45E-01,2.50E-01,2.10E-01,6.05E-01,0.356300505,8.57E-01,7.93E+04,1.66E-08,1.04E-07,1.42E-06,,
Jacobson and Testik 2014,Jacobson14,11,Kaolinite,5.40E-02,7.00E-07,2.62E+03,0.00E+00,9.98E+02,4.33E-07,1.09E+03,2.45E-01,2.50E-01,2.10E-01,8.99E-01,0.434599705,8.57E-01,9.94E+04,2.46E-08,1.27E-07,1.16E-06,0.402669394,
Jacobson and Testik 2014,Jacobson14,12,Kaolinite,7.00E-02,7.00E-07,2.62E+03,0.00E+00,9.98E+02,4.33E-07,1.11E+03,2.45E-01,2.50E-01,2.10E-01,1.07E+00,0.474124961,8.57E-01,1.10E+05,2.99E-08,1.38E-07,1.07E-06,,
Jacobson and Testik 2014,Jacobson14,13,Kaolinite,8.70E-02,7.00E-07,2.62E+03,0.00E+00,9.98E+02,4.33E-07,1.13E+03,2.45E-01,2.50E-01,2.10E-01,1.32E+00,0.526914345,8.57E-01,1.25E+05,3.53E-08,1.53E-07,9.59E-07,,
Jacobson and Testik 2014,Jacobson14,14,Kaolinite,1.02E-01,7.00E-07,2.62E+03,0.00E+00,9.98E+02,4.33E-07,1.16E+03,2.45E-01,2.50E-01,2.10E-01,1.56E+00,0.57325838,8.57E-01,1.39E+05,4.33E-08,1.67E-07,8.82E-07,,
Jacobson and Testik 2014,Jacobson14,15,Kaolinite,1.18E-01,7.00E-07,2.62E+03,0.00E+00,9.98E+02,4.33E-07,1.18E+03,2.45E-01,2.50E-01,2.10E-01,1.75E+00,0.605651217,8.57E-01,1.50E+05,4.86E-08,1.76E-07,8.34E-07,,
Jacobson and Testik 2014,Jacobson14,16,Kaolinite,1.32E-01,7.00E-07,2.62E+03,0.00E+00,9.98E+02,4.33E-07,1.19E+03,2.45E-01,2.50E-01,2.10E-01,1.92E+00,0.635585957,8.57E-01,1.59E+05,5.13E-08,1.85E-07,7.95E-07,0.361870802,
Jacobson and Testik 2014,Jacobson14,17,Kaolinite,1.90E-02,7.00E-07,2.62E+03,0.00E+00,9.98E+02,4.33E-07,1.03E+03,2.45E-01,2.50E-01,2.50E-01,3.39E-01,0.291171447,1.02E+00,7.52E+04,8.55E-09,8.48E-08,1.46E-06,,
Jacobson and Testik 2014,Jacobson14,18,Kaolinite,3.70E-02,7.00E-07,2.62E+03,0.00E+00,9.98E+02,4.33E-07,1.06E+03,2.45E-01,2.50E-01,2.50E-01,5.94E-01,0.385263359,1.02E+00,1.02E+05,1.66E-08,1.12E-07,1.10E-06,,
Jacobson and Testik 2014,Jacobson14,19,Kaolinite,5.40E-02,7.00E-07,2.62E+03,0.00E+00,9.98E+02,4.33E-07,1.09E+03,2.45E-01,2.50E-01,2.50E-01,9.49E-01,0.48697077,1.02E+00,1.33E+05,2.46E-08,1.42E-07,8.72E-07,0.410702269,
Jacobson and Testik 2014,Jacobson14,20,Kaolinite,7.00E-02,7.00E-07,2.62E+03,0.00E+00,9.98E+02,4.33E-07,1.11E+03,2.45E-01,2.50E-01,2.50E-01,1.09E+00,0.522041478,1.02E+00,1.45E+05,2.99E-08,1.52E-07,8.13E-07,,
Jacobson and Testik 2014,Jacobson14,21,Kaolinite,8.70E-02,7.00E-07,2.62E+03,0.00E+00,9.98E+02,4.33E-07,1.13E+03,2.45E-01,2.50E-01,2.50E-01,1.33E+00,0.576617921,1.02E+00,1.63E+05,3.53E-08,1.68E-07,7.36E-07,,
Jacobson and Testik 2014,Jacobson14,22,Kaolinite,1.02E-01,7.00E-07,2.62E+03,0.00E+00,9.98E+02,4.33E-07,1.16E+03,2.45E-01,2.50E-01,2.50E-01,1.58E+00,0.628024745,1.02E+00,1.82E+05,4.33E-08,1.83E-07,6.76E-07,,
Jacobson and Testik 2014,Jacobson14,23,Kaolinite,1.18E-01,7.00E-07,2.62E+03,0.00E+00,9.98E+02,4.33E-07,1.18E+03,2.45E-01,2.50E-01,2.50E-01,1.79E+00,0.669868605,1.02E+00,1.98E+05,4.86E-08,1.95E-07,6.34E-07,,
Jacobson and Testik 2014,Jacobson14,24,Kaolinite,1.32E-01,7.00E-07,2.62E+03,0.00E+00,9.98E+02,4.33E-07,1.19E+03,2.45E-01,2.50E-01,2.50E-01,1.88E+00,0.685282405,1.02E+00,2.04E+05,5.13E-08,1.99E-07,6.19E-07,0.39399815,
Jacobson and Testik 2014,Jacobson14,,Kaolinite,,,,,,,,,,,,,,1.90E+04,,,,,1.00E-02
Jacobson and Testik 2014,Jacobson14,,Kaolinite,,,,,,,,,,,,,,2.20E+04,,,,,1.10E-02
Jacobson and Testik 2014,Jacobson14,,Kaolinite,,,,,,,,,,,,,,2.70E+04,,,,,1.70E-02
Jacobson and Testik 2014,Jacobson14,,Kaolinite,,,,,,,,,,,,,,2.80E+04,,,,,1.60E-02
Jacobson and Testik 2014,Jacobson14,,Kaolinite,,,,,,,,,,,,,,3.30E+04,,,,,1.70E-02
Jacobson and Testik 2014,Jacobson14,,Kaolinite,,,,,,,,,,,,,,3.00E+04,,,,,1.60E-02
Jacobson and Testik 2014,Jacobson14,,Kaolinite,,,,,,,,,,,,,,2.90E+04,,,,,1.40E-02
Jacobson and Testik 2014,Jacobson14,,Kaolinite,,,,,,,,,,,,,,3.60E+04,,,,,1.70E-02
Jacobson and Testik 2014,Jacobson14,,Kaolinite,,,,,,,,,,,,,,3.70E+04,,,,,1.70E-02
Jacobson and Testik 2014,Jacobson14,,Kaolinite,,,,,,,,,,,,,,3.80E+04,,,,,2.00E-02
Jacobson and Testik 2014,Jacobson14,,Kaolinite,,,,,,,,,,,,,,4.00E+04,,,,,2.30E-02
Jacobson and Testik 2014,Jacobson14,,Kaolinite,,,,,,,,,,,,,,4.50E+04,,,,,1.60E-02
Jacobson and Testik 2014,Jacobson14,,Kaolinite,,,,,,,,,,,,,,4.80E+04,,,,,1.90E-02
Jacobson and Testik 2014,Jacobson14,,Kaolinite,,,,,,,,,,,,,,4.90E+04,,,,,2.10E-02
Jacobson and Testik 2014,Jacobson14,,Kaolinite,,,,,,,,,,,,,,5.50E+04,,,,,1.90E-02
Jacobson and Testik 2014,Jacobson14,,Kaolinite,,,,,,,,,,,,,,6.00E+04,,,,,1.80E-02
Jacobson and Testik 2014,Jacobson14,,Kaolinite,,,,,,,,,,,,,,6.40E+04,,,,,1.80E-02
Jacobson and Testik 2014,Jacobson14,,Kaolinite,,,,,,,,,,,,,,7.10E+04,,,,,1.90E-02
Jacobson and Testik 2014,Jacobson14,,Kaolinite,,,,,,,,,,,,,,7.70E+04,,,,,2.30E-02
Jacobson and Testik 2014,Jacobson14,,Kaolinite,,,,,,,,,,,,,,8.50E+04,,,,,2.80E-02
Jacobson and Testik 2014,Jacobson14,,Kaolinite,,,,,,,,,,,,,,8.20E+04,,,,,2.80E-02
Jacobson and Testik 2014,Jacobson14,,Kaolinite,,,,,,,,,,,,,,5.90E+04,,,,,2.50E-02
Jacobson and Testik 2014,Jacobson14,,Kaolinite,,,,,,,,,,,,,,6.20E+04,,,,,2.50E-02
Jacobson and Testik 2014,Jacobson14,,Kaolinite,,,,,,,,,,,,,,6.60E+04,,,,,3.20E-02