exp_code,file_name,type,cont,mixing,C0,rho,del_rho,g_prime,u_0,hose diameter,Q,amp,freq,U_mix,Ri_0,u_c
NM1s,SN0,saline,none,none,0,999.93,1.73,0.017,0.065,,,,,,,0.030451997
NM2s,SN5,saline,none,none,0,1000.27,2.07,0.02,0.071,,,,,,,0.036205401
NM3s,Saline_025gL,saline,none,none,0,1001.46,3.26,0.032,0.089,,,,,,,0.050752162
NM4s,Saline_5gL,saline,none,none,0,1004.62,6.42,0.063,0.126,,,,,,,0.061334262
NM5s,Saline_10gL,saline,none,none,0,1010.97,12.77,0.125,0.177,,,,,,,0.081292448
NM6s,SN6,saline,none,none,0,1014.77,16.57,0.163,0.202,,,,,,,0.096514206
NM7s,SN7_redo,saline,none,none,0,1020.23,22.03,0.217,0.233,,,,,,,0.107173189
JH1,PH0,part,stop,stagnation high Q,1,998.76,0.56,0.006,0.037,0.00635,0.00025,,,1.97,0.000355,0.018967867
JH2,PH2_redo,part,stop,stagnation high Q,2.5,999.6,1.40,0.014,0.059,0.00635,0.00025,,,1.97,0.000888,0.027308843
JH3,PH3_redo,part,stop,stagnation high Q,5,1001,2.80,0.028,0.083,0.00635,0.00025,,,1.97,0.001774,0.034938841
JH4,PH4_redo,part,stop,stagnation high Q,10,1003.79,5.59,0.055,0.117,0.00635,0.00025,,,1.97,0.00354,0.048228134
JH5,Stag70_20gL_stop,part,stop,stagnation high Q,20,1009.33,11.13,0.109,0.165,0.00635,0.00025,,,1.97,0.007049,0.064497038
JH6,PH6,part,stop,stagnation high Q,30,1014.83,16.63,0.163,0.202,0.00635,0.00025,,,1.97,0.010528,0.082974974
JH7,PH7,part,stop,stagnation high Q,40,1020.28,22.08,0.217,0.233,0.00635,0.00025,,,1.97,0.013976,0.089841786
JH1s,SH0,saline,stop,stagnation high Q,0,999.554,1.354,0.013,0.058,0.00635,0.00025,,,1.97,0.000857,0.025851951
JH2s,SH5-r,saline,stop,stagnation high Q,0,1000.2,2,0.02,0.07,0.00635,0.00025,,,1.97,0.001266,0.032245107
JH3s,Stag70_025gL_stop_saline,saline,stop,stagnation high Q,0,1001.52,3.32,0.033,0.09,0.00635,0.00025,,,1.97,0.002102,0.032786679
JH4s,Stag70_5gL_stop_saline,saline,stop,stagnation high Q,0,1004.66,6.46,0.063,0.126,0.00635,0.00025,,,1.97,0.00409,0.052111529
JH5s,Stag70_10gL_stop_saline,saline,stop,stagnation high Q,0,1010.92,12.72,0.125,0.177,0.00635,0.00025,,,1.97,0.008053,0.07036615
JH6s,SH6,saline,stop,stagnation high Q,0,1014.94,16.74,0.165,0.203,0.00635,0.00025,,,1.97,0.010598,0.091410382
JH7s,Stag70_20gL_stop_saline,saline,stop,stagnation high Q,0,1023.21,25.01,0.246,0.248,0.00635,0.00025,,,1.97,0.015833,0.103789971
JL1,PL0,part,stop,stagnation low Q,1,998.76,0.561369622,0.006,0.037,0.00635,0.000182,,,1.44,0.000665,0.018440225
JL2,Stag25_025gL_stop,part,stop,stagnation low Q,2.5,999.6,1.402500548,0.014,0.059,0.00635,0.000182,,,1.44,0.001662,0.022839485
JL3,Stag25_5gL_stop,part,stop,stagnation low Q,5,1001,2.801928133,0.028,0.083,0.00635,0.000182,,,1.44,0.00332,0.032495621
JL4,PL4_redo,part,stop,stagnation low Q,10,1003.79,5.591604722,0.055,0.117,0.00635,0.000182,,,1.44,0.006625,0.043874627
JL5,Stag25_20gL_stop,part,stop,stagnation low Q,20,1009.33,11.13452329,0.109,0.165,0.00635,0.000182,,,1.44,0.013193,0.063428855
JL6,PL6,part,stop,stagnation low Q,30,1014.83,16.62938882,0.163,0.202,0.00635,0.000182,,,1.44,0.019703,0.080516196
JL7,PL7,part,stop,stagnation low Q,40,1020.28,22.07682348,0.217,0.233,0.00635,0.000182,,,1.44,0.026158,0.097443019
JL1s,SL0-r,saline,stop,stagnation low Q,0,999.35,1.15,0.011,0.053,0.00635,0.000182,,,1.44,0.001363,0.030852185
JL2s,SL5-r,saline,stop,stagnation low Q,0,1000.12,1.92,0.019,0.069,0.00635,0.000182,,,1.44,0.002275,0.029407085
JL3s,SL1-r,saline,stop,stagnation low Q,0,1001.51,3.31,0.033,0.09,0.00635,0.000182,,,1.44,0.003922,0.043051722
JL4s,Stag25_5gL_stop_saline,saline,stop,stagnation low Q,0,1004.5,6.3,0.062,0.124,0.00635,0.000182,,,1.44,0.007465,0.055388217
JL5s,Stag25_10gL_stop_saline,saline,stop,stagnation low Q,0,1011.04,12.84,0.126,0.178,0.00635,0.000182,,,1.44,0.015214,0.072278851
JL6s,SL6,saline,stop,stagnation low Q,0,1014.84,16.64,0.164,0.202,0.00635,0.000182,,,1.44,0.019716,0.08607125
JL7s,Stag25_20gL_stop_saline,saline,stop,stagnation low Q,0,1023.19,24.99,0.246,0.248,0.00635,0.000182,,,1.44,0.02961,0.104877326
GH2,Grid34_025gL_16_stop,part,stop,grid high A,2.5,999.6,1.402500548,0.014,0.059,,,15.8,3.44,1.6,0.005384,0.022540494
GH3,Grid35_5gL_16_stop,part,stop,grid high A,5,1001,2.801928133,0.028,0.083,,,15.8,3.47,1.6,0.010756,0.031139805
GH4,Grid34_10gL_16_stop,part,stop,grid high A,10,1003.79,5.591604722,0.055,0.117,,,15.9,3.4,1.58,0.022013,0.042328392
GH5,Grid33_20gL_16_stop,part,stop,grid high A,20,1009.33,11.13452329,0.109,0.165,,,15.9,3.3,1.54,0.04614,0.062014775
GL2,Grid58_025gL_5_stop,part,stop,grid low A,2.5,999.6,1.402500548,0.014,0.059,,,5.7,5.82,0.58,0.040973,0.020556252
GL3,Grid55_5gL_6_stop,part,stop,grid low A,5,1001,2.801928133,0.028,0.083,,,6.3,5.5,0.64,0.067228,0.026607907
GL4,Grid54_10gL_5_stop,part,stop,grid low A,10,1003.79,5.591604722,0.055,0.117,,,4.9,5.42,0.44,0.283846,0.037399391
GL5,Grid58_20gL_5_stop,part,stop,grid low A,20,1009.33,11.13452329,0.109,0.165,,,4.9,5.83,0.46,0.517139,0.056026556
GH3s,Grid34_025gL_16_stop_saline,saline,stop,grid high A,0,1001.35,3.15,0.031,0.088,,,16.3,3.32,1.6,0.012093,0.03722821
GH4s,Grid35_5gL_16_stop_saline,saline,stop,grid high A,0,1004.64,6.44,0.063,0.126,,,16.2,3.46,1.66,0.022968,0.057333502
GH5s,Grid34_10gL_16_stop_saline,saline,stop,grid high A,0,1010.89,12.69,0.125,0.177,,,16.1,3.43,1.64,0.046369,0.075711662
GH7s,Grid33_20gL_16_stop_saline,saline,stop,grid high A,0,1023.245,25.045,0.246,0.248,,,15.8,3.27,1.52,0.106533,0.11393238
GL3s,Grid58_025gL_5_stop_saline,saline,stop,grid low A,0,1001.53,3.33,0.033,0.09,,,6.5,5.77,0.7,0.066788,0.04600583
GL4s,Grid55_5gL_6_stop_saline,saline,stop,grid low A,0,1004.63,6.43,0.063,0.126,,,6.4,5.76,0.68,0.136661,0.058285153
GL5s,Grid54_10gL_5_stop_saline,saline,stop,grid low A,0,1010.85,12.65,0.124,0.176,,,5.5,5.38,0.52,0.459764,0.077717244
GL7s,Grid58_20gL_5_stop_saline,saline,stop,grid low A,0,1023.16,24.96,0.245,0.248,,,5.2,5.65,0.5,0.981197,0.096800806