Time_s,GateDisplacement_cm,LiftSpeed_cm_per_s
0,-0,-0
0.0166833334107643,-0,-0
0.0333666668215285,-0,-0
0.0500500002322928,-0,-0
0.0667333336430571,-0,-0
0.0834166670538214,-0,-0
0.100100000464586,-0,-0
0.11678333387535,-0,-0
0.133466667286114,-0,-0
0.150150000696878,-0,-0
0.166833334107643,-0,-0
0.183516667518407,-0,-0
0.200200000929171,-0,-0
0.216883334339936,-0,-0
0.2335666677507,-0,-0
0.250250001161464,-0,-0
0.266933334572228,-0,-0
0.283616667982993,-0,-0
0.300300001393757,-0,-0
0.316983334804521,-0,-0
0.333666668215285,-0,-0
0.35035000162605,-0,-0
0.367033335036814,-0,-0
0.383716668447578,-0,-0
0.400400001858343,-0,-0
0.417083335269107,-0,-0
0.433766668679871,-0,-0
0.450450002090635,-0,-0
0.4671333355014,-0,-0
0.483816668912164,-0,-0
0.500500002322928,-0,-0
0.517183335733692,-0,-0
0.533866669144457,-0,-0
0.550550002555221,-0,-0
0.567233335965985,-0,-0
0.583916669376749,-0,0.0378409467562204
0.600600002787514,-0,0.151363787024899
0.617283336198278,-0,0.340568520806044
0.633966669609042,-0,0.605455148099639
0.650650003019807,-0,0.946023668905692
0.667333336430571,-0,1.3622740832242
0.684016669841335,0.0151515151515143,1.81636544429894
0.700700003252099,0.0454545454545455,2.27045680537368
0.717383336662864,0.0909090909090909,2.72454816644842
0.734066670073628,0.151515151515151,3.17863952752315
0.750750003484392,0.227272727272727,3.63273088859788
0.767433336895156,0.318181818181818,4.08682224967262
0.784116670305921,0.409090909090909,4.46523171723491
0.800800003716685,0.5,4.73011834452851
0.817483337127449,0.590909090909091,4.91932307830965
0.834166670538214,0.681818181818182,5.03284591857833
0.850850003948978,0.772727272727273,5.07068686533455
0.867533337359742,0.863636363636364,4.99500497182209
0.884216670770506,0.93939393939394,4.88148213155342
0.900900004181271,1.01515151515151,4.80580023804096
0.917583337592035,1.09090909090909,4.73011834452851
0.934266671002799,1.16666666666667,4.65443645101605
0.950950004413563,1.24242424242424,4.54091361074736
0.967633337824328,1.3030303030303,4.42739077047867
0.984316671235092,1.37878787878788,4.38954982372245
1.00100000464586,1.45454545454545,4.38954982372247
1.01768333805662,1.53030303030303,4.38954982372246
1.03436667146738,1.60606060606061,4.38954982372245
1.05105000487815,1.66666666666667,4.42739077047868
1.06773333828891,1.74242424242424,4.54091361074737
1.08441667169968,1.81818181818182,4.65443645101606
1.10110000511044,1.89393939393939,4.69227739777229
1.11778333852121,1.96969696969697,4.69227739777228
1.13446667193197,2.04545454545455,4.69227739777228
1.15115000534273,2.13636363636364,4.73011834452852
1.1678333387535,2.22727272727273,4.76795929128475
1.18451667216426,2.31818181818182,4.76795929128474
1.20120000557503,2.39393939393939,4.80580023804096
1.21788333898579,2.46969696969697,4.84364118479718
1.23456667239656,2.54545454545455,4.84364118479719
1.25125000580732,2.62121212121212,4.80580023804097
1.26793333921808,2.6969696969697,4.73011834452851
1.28461667262885,2.77272727272727,4.65443645101604
1.30130000603961,2.86363636363636,4.61659550425981
1.31798333945038,2.93939393939394,4.65443645101604
1.33466667286114,3.01515151515151,4.73011834452851
1.35135000627191,3.09090909090909,4.80580023804097
1.36803333968267,3.16666666666667,4.88148213155342
1.38471667309343,3.24242424242424,4.95716402506587
1.4014000065042,3.31818181818182,4.95716402506587
1.41808333991496,3.40909090909091,4.91932307830965
1.43476667332573,3.5,4.91932307830965
1.45145000673649,3.59090909090909,4.91932307830965
1.46813334014726,3.68181818181818,4.91932307830965
1.48481667355802,3.77272727272727,4.88148213155342
1.50150000696878,3.84848484848485,4.84364118479719
1.51818334037955,3.92424242424242,4.80580023804097
1.53486667379031,4,4.73011834452851
1.55155000720108,4.07575757575758,4.61659550425982
1.56823334061184,4.15151515151515,4.46523171723491
1.58491667402261,4.21212121212121,4.35170887696624
1.60160000743337,4.28787878787879,4.31386793021001
1.61828334084413,4.36363636363636,4.31386793021
1.6349666742549,4.43939393939394,4.31386793021
1.65165000766566,4.5,4.31386793021
1.66833334107643,4.56060606060606,4.31386793021
1.68501667448719,4.63636363636364,4.35170887696622
1.70170000789796,4.71212121212121,4.38954982372246
1.71838334130872,4.78787878787879,4.38954982372246
1.73506667471948,4.86363636363636,4.38954982372245
1.75175000813025,4.93939393939394,4.46523171723491
1.76843334154101,5.01515151515151,4.61659550425982
1.78511667495178,5.09090909090909,4.7301183445285
1.80180000836254,5.16666666666667,4.80580023804095
1.81848334177331,5.24242424242424,4.88148213155342
1.83516667518407,5.31818181818182,4.91932307830965
1.85185000859483,5.40909090909091,4.91932307830964
1.8685333420056,5.5,4.91932307830965
1.88521667541636,5.59090909090909,4.91932307830965
1.90190000882713,5.68181818181818,4.91932307830964
1.91858334223789,5.77272727272727,4.91932307830964
1.93526667564866,5.84848484848485,4.91932307830965
1.95195000905942,5.92424242424242,4.88148213155342
1.96863334247018,6,4.80580023804096
1.98531667588095,6.07575757575758,4.73011834452851
2.00200000929171,6.15151515151515,4.65443645101605
2.01868334270248,6.22727272727273,4.57875455750359
2.03536667611324,6.3030303030303,4.54091361074736
2.05205000952401,6.37878787878788,4.54091361074736
2.06873334293477,6.45454545454546,4.54091361074736
2.08541667634553,6.53030303030303,4.54091361074737
2.1021000097563,6.60606060606061,4.54091361074737
2.11878334316706,6.68181818181818,4.54091361074737
2.13546667657783,6.75757575757576,4.54091361074737
2.15215000998859,6.83333333333333,4.5787545575036
2.16883334339936,6.90909090909091,4.65443645101605
2.18551667681012,6.98484848484849,4.69227739777227
2.20220001022088,7.06060606060606,4.69227739777228
2.21888334363165,7.13636363636364,4.69227739777229
2.23556667704241,7.21212121212121,4.73011834452851
2.25225001045318,7.3030303030303,4.76795929128473
2.26893334386394,7.3939393939394,4.76795929128473
2.28561667727471,7.46969696969697,4.80580023804095
2.30230001068547,7.54545454545455,4.88148213155341
2.31898334409623,7.62121212121212,4.95716402506588
2.335666677507,7.71212121212121,5.03284591857833
2.35235001091776,7.78787878787879,5.03284591857834
2.36903334432853,7.86363636363636,4.95716402506588
2.38571667773929,7.95454545454546,4.91932307830965
2.40240001115006,8.04545454545454,4.91932307830965
2.41908334456082,8.13636363636364,4.91932307830963
2.43576667797158,8.22727272727273,4.84364118479718
2.45245001138235,8.3030303030303,4.76795929128474
2.46913334479311,8.37878787878788,4.76795929128474
2.48581667820388,8.45454545454546,4.73011834452851
2.50250001161464,8.53030303030303,4.65443645101605
2.51918334502541,8.60606060606061,4.54091361074736
2.53586667843617,8.66666666666667,4.42739077047867
2.55255001184693,8.74242424242424,4.38954982372244
2.5692333452577,8.81818181818182,4.38954982372245
2.58591667866846,8.89393939393939,4.35170887696623
2.60260001207923,8.96969696969697,4.27602698345377
2.61928334548999,9.03030303030303,4.23818603669754
2.63596667890075,9.10606060606061,4.27602698345377
2.65265001231152,9.18181818181818,4.31386793020999
2.66933334572228,9.25757575757576,4.31386793020999
2.68601667913305,9.31818181818182,4.35170887696622
2.70270001254381,9.37878787878788,4.42739077047869
2.71938334595458,9.45454545454546,4.54091361074737
2.73606667936534,9.53030303030303,4.65443645101606
2.7527500127761,9.60606060606061,4.73011834452852
2.76943334618687,9.68181818181818,4.76795929128473
2.78611667959763,9.77272727272727,4.80580023804095
2.8028000130084,9.86363636363636,4.88148213155342
2.81948334641916,9.95454545454546,4.91932307830965
2.83616667982993,10.0454545454545,4.91932307830965
2.85285001324069,10.1363636363636,4.91932307830965
2.86953334665145,10.2121212121212,4.91932307830965
2.88621668006222,10.2878787878788,4.88148213155342
2.90290001347298,10.3636363636364,4.80580023804096
2.91958334688375,10.4393939393939,4.73011834452851
2.93626668029451,10.5151515151515,4.65443645101605
2.95295001370528,10.5909090909091,4.54091361074737
2.96963334711604,10.6666666666667,4.46523171723492
2.9863166805268,10.7424242424242,4.46523171723491
3.00300001393757,10.8181818181818,4.46523171723491
3.01968334734833,10.8939393939394,4.46523171723491
3.0363666807591,10.969696969697,4.42739077047868
3.05305001416986,11.030303030303,4.38954982372246
3.06973334758063,11.1060606060606,4.38954982372246
3.08641668099139,11.1818181818182,4.38954982372246
3.10310001440215,11.2575757575758,4.38954982372245
3.11978334781292,11.3333333333333,4.38954982372245
3.13646668122368,11.3939393939394,4.42739077047867
3.15315001463445,11.469696969697,4.54091361074736
3.16983334804521,11.5454545454545,4.65443645101605
3.18651668145598,11.6212121212121,4.73011834452851
3.20320001486674,11.6969696969697,4.80580023804097
3.2198833482775,11.7727272727273,4.88148213155342
3.23656668168827,11.8636363636364,4.9950049718221
3.25325001509903,11.9545454545455,5.10852781209078
3.2699333485098,12.0454545454545,5.18420970560324
3.28661668192056,12.1363636363636,5.22205065235947
3.30330001533133,12.2272727272727,5.22205065235948
3.31998334874209,12.3181818181818,5.22205065235948
3.33666668215285,12.4090909090909,5.18420970560325
3.35335001556362,12.5,5.10852781209079
3.37003334897438,12.5909090909091,5.03284591857833
3.38671668238515,12.6666666666667,4.95716402506587
3.40340001579591,12.7424242424242,4.88148213155342
3.42008334920668,12.8181818181818,4.80580023804097
3.43676668261744,12.8939393939394,4.73011834452851
3.4534500160282,12.969696969697,4.61659550425983
3.47013334943897,13.0454545454545,4.46523171723491
3.48681668284973,13.1212121212121,4.38954982372245
3.5035000162605,13.1969696969697,4.35170887696623
3.52018334967126,13.2727272727273,4.31386793021
3.53686668308203,13.3484848484848,4.27602698345377
3.55355001649279,13.4090909090909,4.23818603669754
3.57023334990355,13.469696969697,4.23818603669754
3.58691668331432,13.5454545454545,4.23818603669754
3.60360001672508,13.6060606060606,4.27602698345376
3.62028335013585,13.6818181818182,4.31386793020999
3.63696668354661,13.7424242424242,4.35170887696623
3.65365001695738,13.8181818181818,4.46523171723491
3.67033335036814,13.8939393939394,4.5787545575036
3.6870166837789,13.969696969697,4.61659550425983
3.70370001718967,14.0606060606061,4.65443645101605
3.72038335060043,14.1363636363636,4.69227739777227
3.7370666840112,14.2272727272727,4.7301183445285
3.75375001742196,14.3181818181818,4.76795929128474
3.77043335083273,14.3939393939394,4.76795929128474
3.78711668424349,14.469696969697,4.76795929128474
3.80380001765425,14.5454545454545,4.73011834452851
3.82048335106502,14.6212121212121,4.65443645101605
3.83716668447578,14.6969696969697,4.54091361074736
3.85385001788655,14.7727272727273,4.35170887696622
3.87053335129731,14.8484848484848,4.20034508994131
3.88721668470808,14.9242424242424,4.08682224967263
3.90390001811884,15,3.89761751589149
3.9205833515296,15.0606060606061,3.67057183535413
3.93726668494037,15.1212121212121,3.40568520806053
3.95395001835113,15.1666666666667,3.1029576340107
3.9706333517619,15.2272727272727,2.76238911320465
3.98731668517266,15.2727272727273,2.38397964564236
4.00400001858343,15.3030303030303,2.00557017808008
4.02068335199419,15.3333333333333,1.66500165727403
4.03736668540495,15.3484848484848,1.36227408322421
4.05405001881572,15.3636363636364,1.13522840268685
4.07073335222648,15.3636363636364,0.946023668905703
4.08741668563725,15.3636363636364,0.756818935124561
4.10410001904801,15.3636363636364,0.643296094855876
4.12078335245877,15.3636363636364,0.56761420134342
4.13746668586954,15.3636363636364,0.567614201343418
4.1541500192803,15.3787878787879,0.605455148099645
4.17083335269107,15.3939393939394,0.643296094855876
4.18751668610183,15.4090909090909,0.718977988368332
4.2042000195126,15.4242424242424,0.794659881880788
4.22088335292336,15.4393939393939,0.870341775393243
4.23756668633412,15.469696969697,0.90818272214947
4.25425001974489,15.4848484848485,0.870341775393242
4.27093335315565,15.5,0.794659881880786
4.28761668656642,15.5151515151515,0.718977988368329
4.30430001997718,15.530303030303,0.643296094855873
4.32098335338795,15.5454545454545,0.567614201343417
4.33766668679871,15.5454545454545,0.454091361074735
4.35435002020947,15.5454545454545,0.340568520806052
4.37103335362024,15.5454545454545,0.264886627293594
4.387716687031,15.5454545454545,0.189204733781138
4.40440002044177,15.5454545454545,0.113522840268683
4.42108335385253,15.5454545454545,0.0378409467562268
4.4377666872633,15.5454545454545,-0
4.45445002067406,15.5454545454545,-0
4.47113335408482,15.5454545454545,-0
4.48781668749559,15.5454545454545,-0
4.50450002090635,15.5454545454545,-0
4.52118335431712,15.5454545454545,-0
4.53786668772788,15.5454545454545,-0
4.55455002113865,15.5454545454545,-0
4.57123335454941,15.5454545454545,-0
4.58791668796017,15.5454545454545,-0
4.60460002137094,15.5454545454545,-0
4.6212833547817,15.5454545454545,-0
4.63796668819247,15.5454545454545,-0
4.65465002160323,15.5454545454545,-0
4.671333355014,15.5454545454545,-0
4.68801668842476,15.5454545454545,-0
4.70470002183552,15.5454545454545,-0
4.72138335524629,15.5454545454545,-0
4.73806668865705,15.5454545454545,-0
4.75475002206782,15.5454545454545,-0
4.77143335547858,15.5454545454545,-0
4.78811668888935,15.5454545454545,-0
4.80480002230011,15.5454545454545,-0
4.82148335571087,15.5454545454545,-0
4.83816668912164,15.5454545454545,-0
4.8548500225324,15.5454545454545,-0
4.87153335594317,15.5454545454545,-0
4.88821668935393,15.5454545454545,-0
4.9049000227647,15.5454545454545,-0
4.92158335617546,15.5454545454545,-0
4.93826668958622,15.5454545454545,-0
4.95495002299699,15.5454545454545,-0
4.97163335640775,15.5454545454545,-0
4.98831668981852,15.5454545454545,-0
5.00500002322928,15.5454545454545,-0
5.02168335664005,15.5454545454545,-0
5.03836669005081,15.5454545454545,-0
5.05505002346157,15.5454545454545,-0
5.07173335687234,15.5454545454545,-0
5.0884166902831,15.5454545454545,-0
5.10510002369387,15.5454545454545,-0
5.12178335710463,15.5454545454545,-0
5.1384666905154,15.5454545454545,-0
5.15515002392616,15.5454545454545,-0
5.17183335733692,15.5454545454545,-0
5.18851669074769,15.5454545454545,-0
5.20520002415845,15.5454545454545,-0
5.22188335756922,15.5454545454545,-0
5.23856669097998,15.5454545454545,-0
5.25525002439075,15.5454545454545,-0
5.27193335780151,15.5454545454545,-0
5.28861669121227,15.5454545454545,-0
5.30530002462304,15.5454545454545,-0
5.3219833580338,15.5454545454545,-0
5.33866669144457,15.5454545454545,-0
5.35535002485533,15.5454545454545,-0
5.3720333582661,15.5454545454545,-0
5.38871669167686,15.5454545454545,-0
5.40540002508762,15.5454545454545,-0
5.42208335849839,15.5454545454545,-0
5.43876669190915,15.5454545454545,-0
5.45545002531992,15.5454545454545,-0
5.47213335873068,15.5454545454545,-0
5.48881669214145,15.5454545454545,-0
5.50550002555221,15.5454545454545,-0
5.52218335896297,15.5454545454545,-0
5.53886669237374,15.5454545454545,-0
5.5555500257845,15.5454545454545,-0
5.57223335919527,15.5454545454545,-0
5.58891669260603,15.5454545454545,-0
5.60560002601679,15.5454545454545,-0
5.62228335942756,15.5454545454545,-0
5.63896669283832,15.5454545454545,-0
5.65565002624909,15.5454545454545,-0
5.67233335965985,15.5454545454545,-0
5.68901669307062,15.5454545454545,-0
5.70570002648138,15.5454545454545,-0
5.72238335989215,15.5454545454545,-0
5.73906669330291,15.5454545454545,-0
5.75575002671367,15.5454545454545,-0
5.77243336012444,15.5454545454545,-0
5.7891166935352,15.5454545454545,-0
5.80580002694597,15.5454545454545,-0
5.82248336035673,15.5454545454545,-0
5.83916669376749,15.5454545454545,-0
5.85585002717826,15.5454545454545,-0
5.87253336058902,15.5454545454545,-0
5.88921669399979,15.5454545454545,-0
5.90590002741055,15.5454545454545,-0
5.92258336082132,15.5454545454545,-0
5.93926669423208,15.5454545454545,-0
5.95595002764284,15.5454545454545,-0
5.97263336105361,15.5454545454545,-0
5.98931669446437,15.5454545454545,-0
6.00600002787514,15.5454545454545,-0
